"country","region","year","CO2emission","Population","Area","BevDichte","LandJahr"
"Andorra","Southern Europe",2005,575.719,81223,470,172.814893617021,"Andorra_2005"
"Andorra","Southern Europe",2006,546.383,83373,470,177.389361702128,"Andorra_2006"
"Andorra","Southern Europe",2007,539.049,84878,470,180.591489361702,"Andorra_2007"
"Andorra","Southern Europe",2008,539.049,85616,470,182.16170212766,"Andorra_2008"
"Andorra","Southern Europe",2009,517.047,85474,470,181.859574468085,"Andorra_2009"
"Andorra","Southern Europe",2010,517.047,84419,470,179.614893617021,"Andorra_2010"
"Andorra","Southern Europe",2011,491.378,82326,470,175.16170212766,"Andorra_2011"
"Albania","Southern Europe",2005,4253.72,3011487,27400,109.908284671533,"Albania_2005"
"Albania","Southern Europe",2006,3865.018,2992547,27400,109.21704379562,"Albania_2006"
"Albania","Southern Europe",2007,4477.407,2970017,27400,108.394781021898,"Albania_2007"
"Albania","Southern Europe",2008,4657.09,2947314,27400,107.566204379562,"Albania_2008"
"Albania","Southern Europe",2009,4488.408,2927519,27400,106.843759124088,"Albania_2009"
"Albania","Southern Europe",2010,4415.068,2913021,27400,106.314635036496,"Albania_2010"
"Albania","Southern Europe",2011,4668.091,2904780,27400,106.013868613139,"Albania_2011"
"Austria","Western Europe",2005,74278.752,8227829,82580,99.6346451925406,"Austria_2005"
"Austria","Western Europe",2006,72214.231,8268641,82580,100.128856866069,"Austria_2006"
"Austria","Western Europe",2007,69724.338,8295487,82578,100.456380634067,"Austria_2007"
"Austria","Western Europe",2008,68752.583,8321496,82578,100.771343457095,"Austria_2008"
"Austria","Western Europe",2009,63483.104,8343323,82571,101.044228603263,"Austria_2009"
"Austria","Western Europe",2010,67975.179,8363404,82561,101.299693559913,"Austria_2010"
"Austria","Western Europe",2011,65202.927,8391643,82554,101.650350073891,"Austria_2011"
"Bosnia and Herzegovina","Southern Europe",2005,16204.473,3833377,51200,74.87064453125,"Bosnia and Herzegovina_2005"
"Bosnia and Herzegovina","Southern Europe",2006,17564.93,3838504,51200,74.97078125,"Bosnia and Herzegovina_2006"
"Bosnia and Herzegovina","Southern Europe",2007,17590.599,3840418,51200,75.0081640625,"Bosnia and Herzegovina_2007"
"Bosnia and Herzegovina","Southern Europe",2008,20087.826,3839749,51200,74.99509765625,"Bosnia and Herzegovina_2008"
"Bosnia and Herzegovina","Southern Europe",2009,20615.874,3837732,51200,74.955703125,"Bosnia and Herzegovina_2009"
"Bosnia and Herzegovina","Southern Europe",2010,21147.589,3835258,51200,74.9073828125,"Bosnia and Herzegovina_2010"
"Bosnia and Herzegovina","Southern Europe",2011,23747.492,3832310,51200,74.8498046875,"Bosnia and Herzegovina_2011"
"Belgium","Western Europe",2005,108297.511,10478617,30280,346.057364597094,"Belgium_2005"
"Belgium","Western Europe",2006,106775.706,10547958,30280,348.347357992074,"Belgium_2006"
"Belgium","Western Europe",2007,103215.049,10625700,30280,350.914795244386,"Belgium_2007"
"Belgium","Western Europe",2008,103882.443,10709973,30280,353.697919418758,"Belgium_2008"
"Belgium","Western Europe",2009,104021.789,10796493,30280,356.555250990753,"Belgium_2009"
"Belgium","Western Europe",2010,109093.25,10920272,30280,360.643064729194,"Belgium_2010"
"Belgium","Western Europe",2011,97765.887,11047744,30280,364.85284015852,"Belgium_2011"
"Bulgaria","Eastern Europe",2005,47909.355,7739900,108640,71.2435567010309,"Bulgaria_2005"
"Bulgaria","Eastern Europe",2006,48943.449,7699020,108630,70.8737917702292,"Bulgaria_2006"
"Bulgaria","Eastern Europe",2007,52188.744,7545338,108610,69.4718534204953,"Bulgaria_2007"
"Bulgaria","Eastern Europe",2008,50791.617,7492561,108610,68.98592210662,"Bulgaria_2008"
"Bulgaria","Eastern Europe",2009,42654.544,7444443,108560,68.5744565217391,"Bulgaria_2009"
"Bulgaria","Eastern Europe",2010,44128.678,7395599,108560,68.1245302137067,"Bulgaria_2010"
"Bulgaria","Eastern Europe",2011,49339.485,7348328,108560,67.6890935887988,"Bulgaria_2011"
"Belarus","Eastern Europe",2005,59064.369,9663000,202830,47.6408815264014,"Belarus_2005"
"Belarus","Eastern Europe",2006,61829.287,9604000,202900,47.333661902415,"Belarus_2006"
"Belarus","Eastern Europe",2007,60281.813,9560000,202900,47.1168063085264,"Belarus_2007"
"Belarus","Eastern Europe",2008,62815.71,9528000,202900,46.9590931493346,"Belarus_2008"
"Belarus","Eastern Europe",2009,60292.814,9507000,202820,46.8740755349571,"Belarus_2009"
"Belarus","Eastern Europe",2010,62221.656,9490000,202900,46.7718087727945,"Belarus_2010"
"Belarus","Eastern Europe",2011,63303.421,9473000,202910,46.6857227342171,"Belarus_2011"
"Switzerland","Western Europe",2005,41374.761,7437115,39518,188.195632370059,"Switzerland_2005"
"Switzerland","Western Europe",2006,41877.14,7483934,39517,189.385176000202,"Switzerland_2006"
"Switzerland","Western Europe",2007,38019.456,7551117,39516,191.090115396295,"Switzerland_2007"
"Switzerland","Western Europe",2008,40392.005,7647675,39516,193.533631946553,"Switzerland_2008"
"Switzerland","Western Europe",2009,41602.115,7743831,39516,195.966975402369,"Switzerland_2009"
"Switzerland","Western Europe",2010,38752.856,7824909,39516,198.018751897965,"Switzerland_2010"
"Switzerland","Western Europe",2011,36596.66,7912398,39516,200.23276647434,"Switzerland_2011"
"Czech Republic","Eastern Europe",2005,120108.918,10211216,77260,132.166916903961,"Czech Republic_2005"
"Czech Republic","Eastern Europe",2006,122162.438,10238905,77250,132.542459546926,"Czech Republic_2006"
"Czech Republic","Eastern Europe",2007,123321.21,10298828,77250,133.318161812298,"Czech Republic_2007"
"Czech Republic","Eastern Europe",2008,116724.277,10384603,77250,134.428517799353,"Czech Republic_2008"
"Czech Republic","Eastern Europe",2009,107626.45,10443936,77250,135.196582524272,"Czech Republic_2009"
"Czech Republic","Eastern Europe",2010,111168.772,10474410,77240,135.608622475401,"Czech Republic_2010"
"Czech Republic","Eastern Europe",2011,109485.619,10496088,77240,135.889280165717,"Czech Republic_2011"
"Germany","Western Europe",2005,797279.14,82469422,348760,236.464680582636,"Germany_2005"
"Germany","Western Europe",2006,805845.252,82376451,348720,236.225197866483,"Germany_2006"
"Germany","Western Europe",2007,780627.293,82266372,348670,235.943361918146,"Germany_2007"
"Germany","Western Europe",2008,782152.765,82110097,348630,235.522178240542,"Germany_2008"
"Germany","Western Europe",2009,721064.212,81902307,348610,234.939637417171,"Germany_2009"
"Germany","Western Europe",2010,750697.239,81776930,348570,234.606908225034,"Germany_2010"
"Germany","Western Europe",2011,729457.975,81797673,348560,234.673149529493,"Germany_2011"
"Denmark","Northern Europe",2005,47095.281,5419432,42430,127.726419985859,"Denmark_2005"
"Denmark","Northern Europe",2006,54986.665,5437272,42430,128.146877209522,"Denmark_2006"
"Denmark","Northern Europe",2007,50256.235,5461438,42430,128.716427056328,"Denmark_2007"
"Denmark","Northern Europe",2008,46955.935,5493621,42430,129.474923403252,"Denmark_2008"
"Denmark","Northern Europe",2009,44513.713,5523095,42430,130.169573415037,"Denmark_2009"
"Denmark","Northern Europe",2010,46570.9,5547683,42430,130.749069054914,"Denmark_2010"
"Denmark","Northern Europe",2011,40377.337,5570572,42430,131.288522271977,"Denmark_2011"
"Estonia","Northern Europe",2005,16780.192,1354775,42390,31.9597782495872,"Estonia_2005"
"Estonia","Northern Europe",2006,16189.805,1346810,42390,31.7718801604152,"Estonia_2006"
"Estonia","Northern Europe",2007,18844.713,1340680,42390,31.6272705826846,"Estonia_2007"
"Estonia","Northern Europe",2008,17491.59,1337090,42390,31.5425807973579,"Estonia_2008"
"Estonia","Northern Europe",2009,14745.007,1334515,42390,31.4818353385232,"Estonia_2009"
"Estonia","Northern Europe",2010,18338.667,1331475,42390,31.4101203113942,"Estonia_2010"
"Estonia","Northern Europe",2011,18650.362,1327439,42390,31.3149091766926,"Estonia_2011"
"Spain","Southern Europe",2005,353462.13,43653155,499090,87.4654972049129,"Spain_2005"
"Spain","Southern Europe",2006,350037.152,44397319,498980,88.9761493446631,"Spain_2006"
"Spain","Southern Europe",2007,358236.564,45226803,499110,90.6149005229308,"Spain_2007"
"Spain","Southern Europe",2008,329281.932,45954106,498800,92.1293223736969,"Spain_2008"
"Spain","Southern Europe",2009,288237.201,46362946,498660,92.9750651746681,"Spain_2009"
"Spain","Southern Europe",2010,270881.29,46576897,500010,93.1519309613808,"Spain_2010"
"Spain","Southern Europe",2011,270675.938,46742697,499880,93.5078358806114,"Spain_2011"
"Finland","Northern Europe",2005,54645.634,5246096,304590,17.2234676122,"Finland_2005"
"Finland","Northern Europe",2006,66200.351,5266268,304110,17.3169839860577,"Finland_2006"
"Finland","Northern Europe",2007,63985.483,5288720,304090,17.3919563287185,"Finland_2007"
"Finland","Northern Europe",2008,56596.478,5313399,303900,17.4840375123396,"Finland_2008"
"Finland","Northern Europe",2009,53167.833,5338871,303900,17.5678545574202,"Finland_2009"
"Finland","Northern Europe",2010,61843.955,5363352,303900,17.6484106614018,"Finland_2010"
"Finland","Northern Europe",2011,54766.645,5388272,303890,17.7309947678436,"Finland_2011"
"Faeroe Islands","Northern Europe",2005,722.399,48337,1396,34.6253581661891,"Faeroe Islands_2005"
"Faeroe Islands","Northern Europe",2006,678.395,48505,1396,34.7457020057307,"Faeroe Islands_2006"
"Faeroe Islands","Northern Europe",2007,689.396,48599,1396,34.8130372492837,"Faeroe Islands_2007"
"Faeroe Islands","Northern Europe",2008,630.724,48629,1396,34.8345272206304,"Faeroe Islands_2008"
"Faeroe Islands","Northern Europe",2009,575.719,48613,1396,34.8230659025788,"Faeroe Islands_2009"
"Faeroe Islands","Northern Europe",2010,630.724,48567,1396,34.7901146131805,"Faeroe Islands_2010"
"Faeroe Islands","Northern Europe",2011,568.385,48492,1396,34.7363896848138,"Faeroe Islands_2011"
"France","Western Europe",2005,390550.168,63179356,547556,115.384282155615,"France_2005"
"France","Western Europe",2006,381467.009,63621376,547556,116.19154205232,"France_2006"
"France","Western Europe",2007,374914.08,64016229,547556,116.9126609881,"France_2007"
"France","Western Europe",2008,371734.791,64374990,547557,117.567650491182,"France_2008"
"France","Western Europe",2009,356626.751,64707044,547557,118.174078680393,"France_2009"
"France","Western Europe",2010,357437.158,65027512,547557,118.75934742867,"France_2010"
"France","Western Europe",2011,338805.131,65342776,547557,119.335112143576,"France_2011"
"United Kingdom","Northern Europe",2005,542492.313,60401206,241930,249.663977183483,"United Kingdom_2005"
"United Kingdom","Northern Europe",2006,541373.878,60846820,241930,251.50589013351,"United Kingdom_2006"
"United Kingdom","Northern Europe",2007,528323.025,61322463,241930,253.471925763651,"United Kingdom_2007"
"United Kingdom","Northern Europe",2008,521513.406,61806995,241930,255.474703426611,"United Kingdom_2008"
"United Kingdom","Northern Europe",2009,473237.351,62276270,241930,257.414417393461,"United Kingdom_2009"
"United Kingdom","Northern Europe",2010,492192.074,62766365,241930,259.440189310958,"United Kingdom_2010"
"United Kingdom","Northern Europe",2011,448235.745,63258918,241930,261.47612119208,"United Kingdom_2011"
"Greece","Southern Europe",2005,98675.303,11092913,128900,86.0582854926299,"Greece_2005"
"Greece","Southern Europe",2006,97285.51,11127947,128900,86.330077579519,"Greece_2006"
"Greece","Southern Europe",2007,98246.264,11163002,128900,86.602032583398,"Greece_2007"
"Greece","Southern Europe",2008,97809.891,11186439,128900,86.7838557020946,"Greece_2008"
"Greece","Southern Europe",2009,94901.96,11187085,128900,86.7888673390225,"Greece_2009"
"Greece","Southern Europe",2010,86717.216,11153454,128900,86.5279596586501,"Greece_2010"
"Greece","Southern Europe",2011,84047.64,11123213,128900,86.2933514352211,"Greece_2011"
"Croatia","Southern Europe",2005,23105.767,4442000,55960,79.3781272337384,"Croatia_2005"
"Croatia","Southern Europe",2006,23175.44,4440000,55960,79.3423874195854,"Croatia_2006"
"Croatia","Southern Europe",2007,24400.218,4436000,55960,79.2709077912795,"Croatia_2007"
"Croatia","Southern Europe",2008,23366.124,4434508,55960,79.2442458899214,"Croatia_2008"
"Croatia","Southern Europe",2009,21554.626,4429078,55960,79.1472122944961,"Croatia_2009"
"Croatia","Southern Europe",2010,20890.899,4417781,55960,78.945335954253,"Croatia_2010"
"Croatia","Southern Europe",2011,20553.535,4280622,55960,76.4943173695497,"Croatia_2011"
"Hungary","Eastern Europe",2005,58019.274,10087065,89610,112.566287244727,"Hungary_2005"
"Hungary","Eastern Europe",2006,57388.55,10071370,89610,112.391139381765,"Hungary_2006"
"Hungary","Eastern Europe",2007,56035.427,10055780,89610,112.217163263029,"Hungary_2007"
"Hungary","Eastern Europe",2008,54843.652,10038188,89610,112.020845887736,"Hungary_2008"
"Hungary","Eastern Europe",2009,48782.101,10022650,90530,110.710814094775,"Hungary_2009"
"Hungary","Eastern Europe",2010,50747.613,10000023,90530,110.460874848117,"Hungary_2010"
"Hungary","Eastern Europe",2011,48492.408,9971727,90530,110.148315475533,"Hungary_2011"
"Ireland","Northern Europe",2005,43512.622,4159914,68890,60.3848744375091,"Ireland_2005"
"Ireland","Northern Europe",2006,43292.602,4273591,68890,62.0349978226158,"Ireland_2006"
"Ireland","Northern Europe",2007,44715.398,4398942,68890,63.8545797648425,"Ireland_2007"
"Ireland","Northern Europe",2008,42771.888,4489544,68890,65.1697488750181,"Ireland_2008"
"Ireland","Northern Europe",2009,40325.999,4535375,68890,65.8350268544056,"Ireland_2009"
"Ireland","Northern Europe",2010,40175.652,4560155,68890,66.1947307301495,"Ireland_2010"
"Ireland","Northern Europe",2011,36068.612,4576794,68890,66.4362607054725,"Ireland_2011"
"Isle of Man","Northern Europe",2005,NA,80345,570,140.956140350877,"Isle of Man_2005"
"Isle of Man","Northern Europe",2006,NA,81110,570,142.298245614035,"Isle of Man_2006"
"Isle of Man","Northern Europe",2007,NA,81914,570,143.708771929825,"Isle of Man_2007"
"Isle of Man","Northern Europe",2008,NA,82737,570,145.152631578947,"Isle of Man_2008"
"Isle of Man","Northern Europe",2009,NA,83548,570,146.575438596491,"Isle of Man_2009"
"Isle of Man","Northern Europe",2010,NA,84327,570,147.942105263158,"Isle of Man_2010"
"Isle of Man","Northern Europe",2011,NA,85069,570,149.243859649123,"Isle of Man_2011"
"Iceland","Northern Europe",2005,2203.867,296734,100250,2.95994014962594,"Iceland_2005"
"Iceland","Northern Europe",2006,2277.207,303782,100250,3.03024438902743,"Iceland_2006"
"Iceland","Northern Europe",2007,2310.21,311566,100250,3.10789027431421,"Iceland_2007"
"Iceland","Northern Europe",2008,2119.526,317414,100250,3.16622443890274,"Iceland_2008"
"Iceland","Northern Europe",2009,2053.52,318499,100250,3.17704738154613,"Iceland_2009"
"Iceland","Northern Europe",2010,1961.845,318041,100250,3.17247880299252,"Iceland_2010"
"Iceland","Northern Europe",2011,1881.171,319014,100250,3.18218453865337,"Iceland_2011"
"Italy","Southern Europe",2005,473384.031,57969484,294140,197.081267423676,"Italy_2005"
"Italy","Southern Europe",2006,469346.664,58143979,294140,197.674505337594,"Italy_2006"
"Italy","Southern Europe",2007,462676.391,58438310,294140,198.675154688244,"Italy_2007"
"Italy","Southern Europe",2008,447186.983,58826731,294140,199.995685727885,"Italy_2008"
"Italy","Southern Europe",2009,401591.505,59095365,294140,200.908971918134,"Italy_2009"
"Italy","Southern Europe",2010,405361.181,59277417,294140,201.527901679472,"Italy_2010"
"Italy","Southern Europe",2011,397994.178,59379449,294140,201.874784116407,"Italy_2011"
"Liechtenstein","Western Europe",2005,NA,34852,160,217.825,"Liechtenstein_2005"
"Liechtenstein","Western Europe",2006,NA,35141,160,219.63125,"Liechtenstein_2006"
"Liechtenstein","Western Europe",2007,69.673,35431,160,221.44375,"Liechtenstein_2007"
"Liechtenstein","Western Europe",2008,69.673,35721,160,223.25625,"Liechtenstein_2008"
"Liechtenstein","Western Europe",2009,55.005,36004,160,225.025,"Liechtenstein_2009"
"Liechtenstein","Western Europe",2010,58.672,36276,160,226.725,"Liechtenstein_2010"
"Liechtenstein","Western Europe",2011,51.338,36537,160,228.35625,"Liechtenstein_2011"
"Lithuania","Northern Europe",2005,13993.272,3322528,62680,53.0077855775367,"Lithuania_2005"
"Lithuania","Northern Europe",2006,14293.966,3269909,62680,52.1682992980217,"Lithuania_2006"
"Lithuania","Northern Europe",2007,14748.674,3231294,62680,51.5522335673261,"Lithuania_2007"
"Lithuania","Northern Europe",2008,14708.337,3198231,62675,51.0288153171121,"Lithuania_2008"
"Lithuania","Northern Europe",2009,12416.462,3162916,62675,50.4653530115676,"Lithuania_2009"
"Lithuania","Northern Europe",2010,13377.216,3097282,62675,49.418141204627,"Lithuania_2010"
"Lithuania","Northern Europe",2011,13740.249,3028115,62674,48.3153301209433,"Lithuania_2011"
"Luxembourg","Western Europe",2005,11547.383,465158,2590,179.597683397683,"Luxembourg_2005"
"Luxembourg","Western Europe",2006,11349.365,472637,2590,182.485328185328,"Luxembourg_2006"
"Luxembourg","Western Europe",2007,11023.002,479993,2590,185.325482625483,"Luxembourg_2007"
"Luxembourg","Western Europe",2008,10938.661,488650,2590,188.667953667954,"Luxembourg_2008"
"Luxembourg","Western Europe",2009,10392.278,497783,2590,192.194208494208,"Luxembourg_2009"
"Luxembourg","Western Europe",2010,10967.997,506953,2590,195.734749034749,"Luxembourg_2010"
"Luxembourg","Western Europe",2011,10832.318,518347,2590,200.133976833977,"Luxembourg_2011"
"Latvia","Northern Europe",2005,7176.319,2238799,62196,35.9958679014728,"Latvia_2005"
"Latvia","Northern Europe",2006,7583.356,2218357,62196,35.6671972474114,"Latvia_2006"
"Latvia","Northern Europe",2007,8316.756,2200325,62196,35.3772750659206,"Latvia_2007"
"Latvia","Northern Europe",2008,7902.385,2177322,62196,35.0074281304264,"Latvia_2008"
"Latvia","Northern Europe",2009,7374.337,2141669,62180,34.4430524284336,"Latvia_2009"
"Latvia","Northern Europe",2010,8313.089,2097555,62240,33.7010764781491,"Latvia_2010"
"Latvia","Northern Europe",2011,7799.709,2059709,62200,33.1142926045016,"Latvia_2011"
"Monaco","Western Europe",2005,NA,33808,2,16904,"Monaco_2005"
"Monaco","Western Europe",2006,NA,34384,2,17192,"Monaco_2006"
"Monaco","Western Europe",2007,NA,35046,2,17523,"Monaco_2007"
"Monaco","Western Europe",2008,NA,35731,2,17865.5,"Monaco_2008"
"Monaco","Western Europe",2009,NA,36351,2,18175.5,"Monaco_2009"
"Monaco","Western Europe",2010,NA,36845,2,18422.5,"Monaco_2010"
"Monaco","Western Europe",2011,NA,37189,2,18594.5,"Monaco_2011"
"Moldova","Eastern Europe",2005,4895.445,3595187,32890,109.309425357251,"Moldova_2005"
"Moldova","Eastern Europe",2006,4994.454,3585209,32890,109.006050471268,"Moldova_2006"
"Moldova","Eastern Europe",2007,4679.092,3576910,32890,108.753724536333,"Moldova_2007"
"Moldova","Eastern Europe",2008,4774.434,3570108,32890,108.54691395561,"Moldova_2008"
"Moldova","Eastern Europe",2009,4550.747,3565604,32890,108.40997263606,"Moldova_2009"
"Moldova","Eastern Europe",2010,4935.782,3562045,32850,108.433637747336,"Moldova_2010"
"Moldova","Eastern Europe",2011,4979.786,3559986,32850,108.37095890411,"Moldova_2011"
"Montenegro","Southern Europe",2005,2057.187,614261,13450,45.6699628252788,"Montenegro_2005"
"Montenegro","Southern Europe",2006,2383.55,615025,13450,45.7267657992565,"Montenegro_2006"
"Montenegro","Southern Europe",2007,2251.538,615875,13450,45.7899628252788,"Montenegro_2007"
"Montenegro","Southern Europe",2008,2750.25,616969,13450,45.8713011152416,"Montenegro_2008"
"Montenegro","Southern Europe",2009,1826.166,618294,13450,45.969814126394,"Montenegro_2009"
"Montenegro","Southern Europe",2010,2581.568,619428,13450,46.054126394052,"Montenegro_2010"
"Montenegro","Southern Europe",2011,2570.567,620079,13450,46.1025278810409,"Montenegro_2011"
"Macedonia, FYR","Southern Europe",2005,11279.692,2042894,25430,80.3340149429807,"Macedonia, FYR_2005"
"Macedonia, FYR","Southern Europe",2006,10938.661,2047330,25430,80.5084545812033,"Macedonia, FYR_2006"
"Macedonia, FYR","Southern Europe",2007,9493.863,2051427,25230,81.3090368608799,"Macedonia, FYR_2007"
"Macedonia, FYR","Southern Europe",2008,9402.188,2055266,25230,81.461196987713,"Macedonia, FYR_2008"
"Macedonia, FYR","Southern Europe",2009,8698.124,2058920,25220,81.6383822363204,"Macedonia, FYR_2009"
"Macedonia, FYR","Southern Europe",2010,8602.782,2062443,25220,81.7780729579699,"Macedonia, FYR_2010"
"Macedonia, FYR","Southern Europe",2011,9336.182,2065888,25220,81.9146708961142,"Macedonia, FYR_2011"
"Malta","Southern Europe",2005,2698.912,403834,320,1261.98125,"Malta_2005"
"Malta","Southern Europe",2006,2574.234,405308,320,1266.5875,"Malta_2006"
"Malta","Southern Europe",2007,2724.581,406724,320,1271.0125,"Malta_2007"
"Malta","Southern Europe",2008,2559.566,409379,320,1279.309375,"Malta_2008"
"Malta","Southern Europe",2009,2390.884,412477,320,1288.990625,"Malta_2009"
"Malta","Southern Europe",2010,2618.238,414508,320,1295.3375,"Malta_2010"
"Malta","Southern Europe",2011,2511.895,416268,320,1300.8375,"Malta_2011"
"Netherlands","Western Europe",2005,172022.637,16319868,33760,483.408412322275,"Netherlands_2005"
"Netherlands","Western Europe",2006,167108.857,16346101,33760,484.185456161137,"Netherlands_2006"
"Netherlands","Western Europe",2007,171490.922,16381696,33760,485.23981042654,"Netherlands_2007"
"Netherlands","Western Europe",2008,173163.074,16445593,33760,487.132494075829,"Netherlands_2008"
"Netherlands","Western Europe",2009,169364.062,16530388,33730,490.079691669137,"Netherlands_2009"
"Netherlands","Western Europe",2010,181927.204,16615394,33730,492.599881411207,"Netherlands_2010"
"Netherlands","Western Europe",2011,168007.272,16693074,33720,495.049644128114,"Netherlands_2011"
"Norway","Northern Europe",2005,42438.191,4623291,365245,12.6580541828088,"Norway_2005"
"Norway","Northern Europe",2006,44257.023,4660677,365245,12.7604128735506,"Norway_2006"
"Norway","Northern Europe",2007,45089.432,4709153,365245,12.8931347451711,"Norway_2007"
"Norway","Northern Europe",2008,50325.908,4768212,365245,13.0548316883188,"Norway_2008"
"Norway","Northern Europe",2009,52240.082,4828726,365245,13.2205122588947,"Norway_2009"
"Norway","Northern Europe",2010,56794.496,4889252,365245,13.3862256841298,"Norway_2010"
"Norway","Northern Europe",2011,45533.139,4953088,365245,13.561001519528,"Norway_2011"
"Poland","Eastern Europe",2005,302615.508,38165445,306330,124.589315444129,"Poland_2005"
"Poland","Eastern Europe",2006,319029,38141267,306320,124.514452206843,"Poland_2006"
"Poland","Eastern Europe",2007,314496.588,38120560,306320,124.44685296422,"Poland_2007"
"Poland","Eastern Europe",2008,315417.005,38125759,306300,124.471952334313,"Poland_2008"
"Poland","Eastern Europe",2009,298244.444,38151603,306280,124.564460624265,"Poland_2009"
"Poland","Eastern Europe",2010,317081.823,38042794,306280,124.209200731357,"Poland_2010"
"Poland","Eastern Europe",2011,317287.175,38063255,306230,124.296296901022,"Poland_2011"
"Portugal","Southern Europe",2005,65309.27,10503330,91470,114.828140373893,"Portugal_2005"
"Portugal","Southern Europe",2006,59108.373,10522288,91470,115.035399584563,"Portugal_2006"
"Portugal","Southern Europe",2007,60864.866,10542964,91470,115.261440909588,"Portugal_2007"
"Portugal","Southern Europe",2008,55364.366,10558177,91470,115.427757734776,"Portugal_2008"
"Portugal","Southern Europe",2009,54517.289,10568247,91590,115.386472322306,"Portugal_2009"
"Portugal","Southern Europe",2010,49588.841,10573100,91590,115.439458456163,"Portugal_2010"
"Portugal","Southern Europe",2011,49724.52,10557560,91590,115.269789278305,"Portugal_2011"
"Romania","Eastern Europe",2005,95675.697,21319685,229980,92.7023436820593,"Romania_2005"
"Romania","Eastern Europe",2006,102595.326,21193760,229980,92.1547960692234,"Romania_2006"
"Romania","Eastern Europe",2007,101627.238,20882982,229890,90.8390186610988,"Romania_2007"
"Romania","Eastern Europe",2008,95668.363,20537875,229900,89.3339495432797,"Romania_2008"
"Romania","Eastern Europe",2009,81422.068,20367487,230060,88.5311962096844,"Romania_2009"
"Romania","Eastern Europe",2010,79335.545,20246871,230050,88.0107411432297,"Romania_2010"
"Romania","Eastern Europe",2011,84832.378,20147528,230170,87.5332493374462,"Romania_2011"
"Serbia","Southern Europe",2005,NA,7440769,87460,85.0762520009147,"Serbia_2005"
"Serbia","Southern Europe",2006,53765.554,7411569,87460,84.742385090327,"Serbia_2006"
"Serbia","Southern Europe",2007,52251.083,7381579,87460,84.3994854790761,"Serbia_2007"
"Serbia","Southern Europe",2008,51880.716,7350222,87460,84.0409558655385,"Serbia_2008"
"Serbia","Southern Europe",2009,46127.193,7320807,87460,83.7046306883147,"Serbia_2009"
"Serbia","Southern Europe",2010,45877.837,7291436,87460,83.3688085982163,"Serbia_2010"
"Serbia","Southern Europe",2011,49185.471,7234099,87460,82.7132289046421,"Serbia_2011"
"Russian Federation","Eastern Europe",2005,1615687.534,143518523,16381390,8.76107113010556,"Russian Federation_2005"
"Russian Federation","Eastern Europe",2006,1669618.103,143049528,16377740,8.73438752843799,"Russian Federation_2006"
"Russian Federation","Eastern Europe",2007,1667597.586,142805088,16377740,8.71946239224704,"Russian Federation_2007"
"Russian Federation","Eastern Europe",2008,1715638.953,142742350,16376870,8.71609471162683,"Russian Federation_2008"
"Russian Federation","Eastern Europe",2009,1574367.778,142785342,16376870,8.71871987748575,"Russian Federation_2009"
"Russian Federation","Eastern Europe",2010,1742540.065,142849449,16376870,8.72263436175533,"Russian Federation_2010"
"Russian Federation","Eastern Europe",2011,1808073.022,142960868,16376870,8.72943779855369,"Russian Federation_2011"
"Sweden","Northern Europe",2005,51561.687,9029572,410340,22.0050982112395,"Sweden_2005"
"Sweden","Northern Europe",2006,49570.506,9080505,410340,22.1292221084954,"Sweden_2006"
"Sweden","Northern Europe",2007,48059.702,9148092,410340,22.2939318613832,"Sweden_2007"
"Sweden","Northern Europe",2008,49104.797,9219637,410340,22.4682872739679,"Sweden_2008"
"Sweden","Northern Europe",2009,43743.643,9298515,410340,22.6605132329288,"Sweden_2009"
"Sweden","Northern Europe",2010,52573.779,9378126,410340,22.8545255154262,"Sweden_2010"
"Sweden","Northern Europe",2011,52144.74,9449213,410340,23.027764780426,"Sweden_2011"
"Slovenia","Southern Europe",2005,15867.109,2000474,20140,99.3284011916584,"Slovenia_2005"
"Slovenia","Southern Europe",2006,16244.81,2006868,20140,99.6458788480636,"Slovenia_2006"
"Slovenia","Southern Europe",2007,16244.81,2018122,20140,100.204667328699,"Slovenia_2007"
"Slovenia","Southern Europe",2008,17245.901,2021316,20140,100.363257199603,"Slovenia_2008"
"Slovenia","Southern Europe",2009,15394.066,2039669,20140,101.274528301887,"Slovenia_2009"
"Slovenia","Southern Europe",2010,15427.069,2048583,20140,101.717130089374,"Slovenia_2010"
"Slovenia","Southern Europe",2011,15405.067,2052843,20140,101.928649453823,"Slovenia_2011"
"Slovak Republic","Eastern Europe",2005,39357.911,5372807,48100,111.700769230769,"Slovak Republic_2005"
"Slovak Republic","Eastern Europe",2006,39104.888,5373054,48100,111.705904365904,"Slovak Republic_2006"
"Slovak Republic","Eastern Europe",2007,36780.01,5374622,48100,111.738503118503,"Slovak Republic_2007"
"Slovak Republic","Eastern Europe",2008,37711.428,5379233,48100,111.834365904366,"Slovak Republic_2008"
"Slovak Republic","Eastern Europe",2009,34037.094,5386406,48090,112.006778956124,"Slovak Republic_2009"
"Slovak Republic","Eastern Europe",2010,36240.961,5391428,48091,112.108876920838,"Slovak Republic_2010"
"Slovak Republic","Eastern Europe",2011,34374.458,5398384,48088,112.260522375645,"Slovak Republic_2011"
"San Marino","Southern Europe",2005,NA,29242,60,487.366666666667,"San Marino_2005"
"San Marino","Southern Europe",2006,NA,29568,60,492.8,"San Marino_2006"
"San Marino","Southern Europe",2007,NA,29874,60,497.9,"San Marino_2007"
"San Marino","Southern Europe",2008,NA,30160,60,502.666666666667,"San Marino_2008"
"San Marino","Southern Europe",2009,NA,30431,60,507.183333333333,"San Marino_2009"
"San Marino","Southern Europe",2010,NA,30690,60,511.5,"San Marino_2010"
"San Marino","Southern Europe",2011,NA,30938,60,515.633333333333,"San Marino_2011"
"Ukraine","Eastern Europe",2005,333869.349,47105150,579380,81.302685629466,"Ukraine_2005"
"Ukraine","Eastern Europe",2006,326484.011,46787750,579360,80.7576463684065,"Ukraine_2006"
"Ukraine","Eastern Europe",2007,321412.55,46509350,579330,80.2812731948976,"Ukraine_2007"
"Ukraine","Eastern Europe",2008,311042.274,46258200,579320,79.8491334668232,"Ukraine_2008"
"Ukraine","Eastern Europe",2009,260063.64,46053300,579320,79.495442933094,"Ukraine_2009"
"Ukraine","Eastern Europe",2010,304496.679,45870700,579320,79.180245805427,"Ukraine_2010"
"Ukraine","Eastern Europe",2011,286227.685,45706100,579320,78.896119588483,"Ukraine_2011"
